tradedate,close,volume,open,high,low
2018-08-30,111.95,22759640,111.67,112.61,111.44
2018-08-31,112.33,23217310,111.69,112.78,111.52
2018-09-04,111.71,22558040,110.85,111.96,110.22
2018-09-05,108.49,32838650,111.01,111.42,108.10
2018-09-06,108.74,23226430,108.25,108.99,107.51
2018-09-07,108.21,22273530,108.23,108.72,107.23
2018-09-10,109.38,19887280,108.84,109.64,108.36
2018-09-11,111.24,24081240,108.90,111.59,108.89
2018-09-12,111.71,18855340,111.43,111.85,110.51
2018-09-13,112.91,25107230,112.12,113.73,112.12
2018-09-14,113.37,18261950,113.36,113.73,112.44
2018-09-17,112.14,20332830,113.69,113.70,111.86
2018-09-18,113.21,22114560,112.19,113.70,111.72
2018-09-19,111.70,21663020,113.05,113.32,111.04
2018-09-20,113.57,23667500,112.28,113.80,111.93
2018-09-21,114.26,70363000,114.00,115.29,113.51
2018-09-24,114.67,25273510,113.03,114.90,112.22
2018-09-25,114.45,20782110,114.80,115.10,113.75
2018-09-26,113.98,19322530,114.47,115.06,113.74
2018-09-27,114.41,19053590,114.78,114.91,114.20
2018-09-28,114.37,20525950,114.19,114.57,113.68
2018-10-01,115.61,18610500,114.75,115.68,114.73
2018-10-02,115.15,20180030,115.30,115.84,114.44
2018-10-03,115.17,16130010,115.42,116.18,114.93
2018-10-04,112.79,34475710,114.61,114.76,111.63
2018-10-05,112.13,29062670,112.63,113.17,110.64
2018-10-08,110.85,29477750,111.66,112.03,109.34
2018-10-09,112.26,26187200,111.14,113.08,110.80
2018-10-10,106.16,60560740,111.24,111.50,105.79
2018-10-11,105.91,63629560,105.35,108.93,104.20
2018-10-12,109.57,46718940,109.01,111.24,107.12
2018-10-15,107.60,32001580,108.91,109.48,106.95
2018-10-16,111.00,31154210,109.54,111.41,108.95
2018-10-17,110.71,25873980,111.68,111.81,109.55
2018-10-18,108.50,31794350,110.10,110.53,107.83
2018-10-19,108.66,32751070,108.93,110.86,108.21
2018-10-22,109.63,26484510,109.32,110.54,108.24
2018-10-23,108.10,43531680,107.77,108.97,105.11
2018-10-24,102.32,63236450,108.41,108.49,101.59
2018-10-25,108.30,61550620,106.55,109.27,106.15
2018-10-26,106.96,55480820,105.69,108.75,104.76
2018-10-29,103.85,55101300,108.11,108.70,101.63
2018-10-30,103.73,65273360,103.66,104.38,100.11
2018-10-31,106.81,51042220,105.44,108.14,105.39
2018-11-01,105.92,33243300,107.05,107.32,105.53
2018-11-02,106.16,37591700,106.48,107.32,104.98
2018-11-05,107.51,27908600,106.37,107.74,105.90
2018-11-06,107.72,24217640,107.38,108.84,106.28
2018-11-07,111.96,37864220,109.44,112.24,109.40
2018-11-08,111.75,25479410,111.80,112.21,110.91
2018-11-09,109.57,32011930,110.85,111.45,108.76
2018-11-12,106.87,33595910,109.42,109.96,106.10
2018-11-13,106.94,35360680,107.55,108.74,106.64
2018-11-14,104.97,39451290,108.10,108.26,104.47
2018-11-15,107.28,38430970,104.99,107.80,103.91
2018-11-16,108.29,33494830,107.08,108.88,106.80
2018-11-19,104.62,43324610,108.27,108.56,103.55
2018-11-20,101.71,63988520,101.80,102.97,99.35
2018-11-21,103.11,28121990,103.60,104.43,102.24
2018-11-23,103.07,13823100,102.17,103.81,102.00
2018-11-26,106.47,32258530,104.79,106.63,104.58
2018-11-27,107.14,29063180,106.27,107.33,105.36
2018-11-28,111.12,46132310,107.89,111.33,107.86
2018-11-29,110.19,27792540,110.33,111.12,109.03
2018-11-30,110.89,33652230,110.70,110.97,109.36
2018-12-03,112.09,34293960,113.00,113.42,110.73
2018-12-04,108.52,44572140,111.94,112.64,108.21
2018-12-06,109.19,47866160,105.82,109.24,105.00
2018-12-07,104.82,44391210,108.38,109.45,104.30
2018-12-10,107.59,40463870,104.80,107.98,103.89
2018-12-11,108.59,42342240,109.80,110.95,107.44
2018-12-12,109.08,36169700,110.89,111.27,109.04
2018-12-13,109.45,30600890,109.58,110.87,108.63
2018-12-14,106.03,46961130,108.25,109.26,105.50
2018-12-17,102.89,56837160,105.41,105.80,101.71
2018-12-18,103.97,48033550,103.75,104.51,102.52
2018-12-19,103.69,68110780,103.65,106.88,101.35
2018-12-20,101.51,70221500,103.05,104.31,98.78
2018-12-21,98.23,110945000,101.63,103.00,97.46
2018-12-24,94.13,43935190,97.68,97.97,93.98
2018-12-26,100.56,51330280,95.14,100.69,93.96
2018-12-27,101.18,49162950,99.30,101.19,96.40
2018-12-28,100.39,38160810,102.09,102.41,99.52
2018-12-31,101.57,33161320,101.29,102.40,100.44
2019-01-02,101.12,35145360,99.55,101.75,98.94
2019-01-03,97.40,42111650,100.10,100.19,97.20
2019-01-04,101.93,43982700,99.72,102.51,98.93
2019-01-07,102.06,35567820,101.64,103.27,100.98
2019-01-08,102.80,31322920,103.04,103.97,101.71
2019-01-09,104.27,32261890,103.86,104.88,103.24
2019-01-10,103.60,29978930,103.22,103.75,102.38
2019-01-11,102.80,28235260,103.19,103.44,101.64
2019-01-14,102.05,27194560,101.90,102.87,101.26
2019-01-15,105.01,31537490,102.51,105.05,101.88
2019-01-16,105.38,29655860,105.26,106.26,104.96
2019-01-17,106.12,27151570,105.00,106.63,104.76
2019-01-18,107.71,37299850,107.46,107.90,105.91
2019-01-22,105.68,32092050,106.75,107.10,104.86
2019-01-23,106.71,25512110,106.12,107.04,105.34
2019-01-24,106.20,23125910,106.86,107.00,105.34
2019-01-25,107.17,31182240,107.24,107.88,106.59
2019-01-28,105.08,29402020,106.26,106.48,104.66
2019-01-29,102.94,31262200,104.88,104.97,102.17
2019-01-30,106.38,47203190,104.62,106.38,104.33
2019-01-31,104.43,55442870,103.80,105.22,103.18
2019-02-01,102.78,35243730,103.78,104.10,102.35
2019-02-04,105.74,31216260,102.87,105.80,102.77
2019-02-05,107.22,27270810,106.06,107.27,105.96
2019-02-06,106.03,20577980,107.00,107.00,105.53
2019-02-07,105.27,29735930,105.19,105.59,104.29
2019-02-08,105.67,21453990,104.39,105.78,104.26
2019-02-11,105.25,18753750,106.20,106.58,104.97
2019-02-12,106.89,25018670,106.14,107.14,105.48
2019-02-13,106.81,18337830,107.50,107.78,106.71
2019-02-14,106.90,21745770,106.31,107.29,105.66
2019-02-15,108.22,26589160,107.91,108.30,107.36
2019-02-19,108.17,17982860,107.79,108.66,107.78
2019-02-20,107.15,21603580,107.86,107.94,106.29
2019-02-21,109.41,28856200,106.90,109.48,106.87
2019-02-22,110.97,27746840,110.05,111.20,109.82
2019-02-25,111.59,23723500,111.76,112.18,111.26
2019-02-26,112.36,21513210,111.26,113.24,111.17
2019-02-27,112.17,21471170,111.69,112.36,110.88
2019-02-28,112.03,28948570,112.04,112.88,111.73
2019-03-01,112.53,20821260,112.89,113.02,111.67
2019-03-04,112.26,25869380,113.02,113.25,110.80
2019-03-05,111.70,19090780,112.25,112.39,111.23
2019-03-06,111.75,17651130,111.87,112.66,111.43
2019-03-07,110.39,25320540,111.40,111.55,109.87
2019-03-08,110.51,22803110,109.16,110.71,108.80
2019-03-11,112.83,24525610,110.99,112.95,110.98
2019-03-12,113.62,26103480,112.82,113.99,112.65
2019-03-13,114.50,35311160,114.13,115.00,113.78
2019-03-14,114.59,30414810,114.54,115.20,114.33
2019-03-15,115.91,54025470,115.34,117.25,114.59
2019-03-18,117.57,31098780,116.17,117.61,116.05
2019-03-19,117.65,35304130,118.09,118.44,116.99
2019-03-20,117.52,26110540,117.39,118.75,116.71
2019-03-21,120.22,29747140,117.14,120.82,117.09
2019-03-22,117.05,32346990,119.50,119.59,117.04
2019-03-25,117.66,26641480,116.56,118.01,116.32
2019-03-26,117.91,25986230,118.62,118.71,116.85
2019-03-27,116.77,22669440,117.88,118.21,115.52
2019-03-28,116.93,17527550,117.44,117.58,116.13
2019-03-29,117.94,25375220,118.07,118.32,116.96
2019-04-01,119.02,19885780,118.95,119.11,118.10
2019-04-02,119.19,16413430,119.06,119.48,118.52
2019-04-03,119.97,22354020,119.86,120.43,119.15
2019-04-04,119.36,20090610,120.10,120.23,118.38
2019-04-05,119.89,15737990,119.39,120.23,119.37
2019-04-08,119.93,15113170,119.81,120.02,118.64
2019-04-09,119.28,17275470,118.63,119.54,118.58
2019-04-10,120.19,14540330,119.76,120.35,119.54
2019-04-11,120.33,13758010,120.54,120.85,119.92
2019-04-12,120.95,19719730,120.64,120.98,120.37
2019-04-15,121.05,15526260,120.94,121.58,120.57
2019-04-16,120.77,14054870,121.64,121.65,120.10
2019-04-17,121.77,19012080,121.24,121.85,120.54
2019-04-18,123.37,27651970,122.19,123.52,121.30
2019-04-22,123.76,14825150,122.62,124.00,122.57
2019-04-23,125.44,23539620,124.10,125.58,123.83
2019-04-24,125.01,29919920,125.79,125.85,124.52
2019-04-25,129.15,37927120,130.06,131.37,128.83
2019-04-26,129.89,23306180,129.70,130.52,129.02
2019-04-29,129.77,16179580,129.90,130.18,129.35
2019-04-30,130.60,24041490,129.81,130.70,129.39
2019-05-01,127.88,26821690,130.53,130.65,127.70
2019-05-02,126.21,27350160,127.98,128.00,125.52
2019-05-03,128.90,24911130,127.36,129.43,127.25
2019-05-06,128.15,24239460,126.39,128.56,126.11
2019-05-07,125.52,36017660,126.46,127.18,124.22
2019-05-08,125.51,28419000,125.44,126.37,124.75
2019-05-09,125.50,27235840,124.29,125.79,123.57
2019-05-10,127.13,30915080,124.91,127.93,123.82
2019-05-13,123.35,33944920,124.11,125.55,123.04
2019-05-14,124.73,25266320,123.87,125.88,123.70
2019-05-15,126.02,24722710,124.26,126.71,123.70
2019-05-16,128.93,30112220,126.75,129.38,126.46
2019-05-17,128.07,25770540,128.31,130.46,127.92
2019-05-20,126.22,23706930,126.52,127.59,125.76
2019-05-21,126.90,15293260,127.43,127.53,126.58
2019-05-22,127.67,15396490,126.62,128.24,126.52
2019-05-23,126.18,23603810,126.20,126.29,124.74
2019-05-24,126.24,14123360,126.91,127.42,125.97
2019-05-28,126.16,23128360,126.98,128.00,126.05
2019-05-29,124.94,22763140,125.38,125.39,124.04
2019-05-30,125.73,16829610,125.26,125.76,124.78
2019-05-31,123.68,26646770,124.23,124.62,123.32
2019-06-03,119.84,37983640,123.85,124.37,119.01
2019-06-04,123.16,29382640,121.28,123.28,120.65
2019-06-05,125.83,24926140,124.95,125.87,124.21
2019-06-06,127.82,21458960,126.44,127.97,125.60
2019-06-07,131.40,33885590,129.19,132.25,128.26
2019-06-10,132.60,26477100,132.40,134.08,132.00
2019-06-11,132.10,23913730,133.88,134.24,131.28
2019-06-12,131.49,17092460,131.40,131.97,130.71
2019-06-13,132.32,17200850,131.98,132.67,131.56
2019-06-14,132.45,17821700,132.26,133.79,131.64
2019-06-17,132.85,14517790,132.63,133.73,132.53
2019-06-18,135.16,25934460,134.19,135.24,133.57
2019-06-19,135.69,23744440,135.00,135.93,133.81
2019-06-20,136.95,33042590,137.45,137.66,135.72
2019-06-21,136.97,36727890,136.58,137.73,136.46
2019-06-24,137.78,20628840,137.00,138.40,137.00
2019-06-25,133.43,33327420,137.25,137.59,132.73
2019-06-26,133.93,23657750,134.35,135.74,133.60
2019-06-27,134.15,16557480,134.14,134.71,133.51
2019-06-28,133.96,30042970,134.57,134.60,133.16
2019-07-01,135.68,22654160,136.63,136.70,134.97
2019-07-02,136.58,15237840,136.12,136.59,135.34
2019-07-03,137.46,13629300,136.80,137.74,136.30
2019-07-05,137.06,18141140,135.94,137.33,135.72
2019-07-08,136.96,16779750,136.40,137.10,135.37
2019-07-09,136.46,19953100,136.00,136.97,135.80
2019-07-10,137.85,24204360,137.13,138.58,137.02
2019-07-11,138.40,22327940,138.20,139.22,137.87
2019-07-12,138.90,18936830,138.85,139.13,138.01
2019-07-15,138.90,16651460,139.44,139.54,138.46
2019-07-16,137.08,22726130,138.96,139.05,136.52
2019-07-17,136.27,20210960,137.70,137.93,136.22
2019-07-18,136.42,30808710,135.55,136.62,134.67
2019-07-19,136.62,48992360,140.22,140.67,136.45
2019-07-22,138.43,25080760,137.41,139.19,137.33
2019-07-23,139.29,18034590,139.76,139.99,138.03
2019-07-24,140.72,20738280,138.90,140.74,138.85
2019-07-25,140.19,18356880,140.43,140.61,139.32
2019-07-26,141.34,19037600,140.37,141.68,140.30
2019-07-29,141.03,16605870,141.50,141.51,139.37
2019-07-30,140.35,16846530,140.14,141.22,139.80
2019-07-31,136.27,38598790,140.33,140.49,135.08
2019-08-01,138.06,40557500,137.00,140.94,136.93
2019-08-02,136.90,30791620,138.09,138.32,135.26
2019-08-05,132.21,42749550,133.30,133.93,130.78
2019-08-06,134.69,32696650,133.80,135.68,133.21
2019-08-07,135.28,33414540,133.79,135.65,131.83
2019-08-08,138.89,27496510,136.60,138.99,135.93
2019-08-09,137.71,23466700,138.61,139.38,136.46
2019-08-12,135.79,20484350,137.07,137.86,135.24
2019-08-13,138.60,25496590,136.05,138.80,135.00
2019-08-14,133.98,32527250,136.36,136.92,133.67
2019-08-15,133.68,28125420,134.39,134.58,132.25
2019-08-16,136.13,25026150,134.88,136.46,134.72
2019-08-19,138.41,24370540,137.86,138.55,136.89
2019-08-20,137.26,21189000,138.21,138.71,137.24
2019-08-21,138.79,14982310,138.55,139.49,138.00
2019-08-22,137.78,18709660,138.66,139.20,136.29
2019-08-23,133.39,38515390,137.19,138.35,132.80
2019-08-26,135.45,20325270,134.99,135.56,133.90
2019-08-27,135.74,23115640,136.39,136.72,134.66
2019-08-28,135.56,17410830,134.88,135.76,133.55
2019-08-29,138.12,20179720,137.25,138.44,136.91
2019-08-30,137.86,23946120,139.15,139.18,136.27
2019-09-03,136.04,18880770,136.61,137.20,135.70
2019-09-04,137.63,18015310,137.30,137.69,136.48
2019-09-05,140.05,26119520,139.11,140.38,138.76
2019-09-06,139.10,20824500,140.03,140.18,138.20
2019-09-09,137.52,25773930,139.59,139.75,136.46
2019-09-10,136.08,28903380,136.80,136.89,134.51
2019-09-11,136.12,24726120,135.91,136.27,135.09
2019-09-12,137.52,27009980,137.85,138.42,136.87
2019-09-13,137.32,23363060,137.78,138.06,136.57
2019-09-16,136.33,16731440,135.83,136.70,135.66
2019-09-17,137.39,17976290,136.96,137.52,136.43
2019-09-18,138.52,24473390,137.36,138.67,136.53
2019-09-19,141.07,36095410,140.30,142.37,140.07
2019-09-20,139.44,40040770,141.01,141.65,138.25
2019-09-23,139.14,17408370,139.23,139.63,138.44
2019-09-24,137.38,30016670,140.36,140.69,136.88
2019-09-25,139.36,22544050,137.50,139.96,136.03
2019-09-26,139.54,17813510,139.44,140.18,138.44
2019-09-27,137.73,22498960,140.15,140.36,136.65
2019-09-30,139.03,18430390,138.05,139.22,137.78
2019-10-01,137.07,22581930,139.66,140.25,137.00
2019-10-02,134.65,32001760,136.25,136.37,133.58
2019-10-03,136.28,26379800,134.95,136.75,133.22
2019-10-04,138.12,23839550,136.75,138.25,136.42
2019-10-07,137.12,16601280,137.14,138.18,137.02
2019-10-08,135.67,26783340,137.08,137.76,135.62
2019-10-09,138.24,20178480,137.46,138.70,136.97
2019-10-10,139.10,18396610,138.49,139.67,138.25
2019-10-11,139.68,25551070,140.12,141.03,139.50
2019-10-14,139.55,13591640,139.69,140.29,139.52
2019-10-15,141.58,19917760,140.06,141.79,139.81
2019-10-16,140.41,20841690,140.79,140.99,139.53
2019-10-17,139.69,22102800,140.95,141.42,139.02
2019-10-18,137.41,32284430,139.76,140.00,136.56
2019-10-21,138.43,20716040,138.45,138.50,137.01
2019-10-22,136.37,27935270,138.97,140.01,136.26
2019-10-23,137.24,31380310,136.88,137.45,135.61
2019-10-24,139.94,37278400,139.39,140.42,138.67
2019-10-25,140.73,25959720,139.34,141.14,139.20
2019-10-28,144.19,35280140,144.40,145.67,143.51
2019-10-29,142.83,20589470,144.08,144.50,142.65
2019-10-30,144.61,18496590,143.52,145.00,142.79
2019-10-31,143.37,24605140,144.90,144.93,142.99
2019-11-01,143.72,33128370,144.26,144.42,142.97
2019-11-04,144.55,16912000,144.83,145.00,144.16
2019-11-05,144.46,18250170,144.97,145.02,143.91
2019-11-06,144.06,16575800,144.37,144.52,143.20
2019-11-07,144.26,17786720,143.84,144.88,143.77
2019-11-08,145.96,16752940,143.98,145.99,143.76
2019-11-11,146.11,14370180,145.34,146.42,144.73
2019-11-12,147.07,18648710,146.28,147.57,146.06
2019-11-13,147.31,17444230,146.74,147.46,146.28
2019-11-14,148.06,19755100,147.02,148.41,147.00
2019-11-15,149.97,23508810,148.93,149.99,148.27
2019-11-18,150.34,21554760,150.07,150.55,148.98
2019-11-19,150.39,23960160,150.88,151.33,150.20
2019-11-20,149.62,25720060,150.31,150.84,148.46
2019-11-21,149.48,18576080,149.40,149.80,148.50
2019-11-22,149.59,15841680,150.07,150.30,148.82
2019-11-25,151.23,22428590,150.00,151.35,149.92
2019-11-26,152.03,24635100,151.36,152.42,151.32
2019-11-27,152.32,15201290,152.33,152.50,151.52
2019-11-29,151.38,11977300,152.10,152.30,151.28
2019-12-02,149.55,27473620,151.81,151.83,148.32
2019-12-03,149.31,25192150,147.49,149.43,146.65
2019-12-04,149.85,17580620,150.14,150.18,149.20
2019-12-05,149.93,17880600,150.05,150.32,149.48
2019-12-06,151.75,16410400,150.99,151.87,150.27
2019-12-09,151.36,16741350,151.07,152.21,150.91
2019-12-10,151.13,16481060,151.29,151.89,150.77
2019-12-11,151.70,18860000,151.54,151.87,150.33
2019-12-12,153.24,24645370,151.65,153.44,151.02
2019-12-13,154.53,23850060,153.00,154.89,152.83
2019-12-16,155.53,24152770,155.11,155.90,154.82
2019-12-17,154.69,25443530,155.45,155.71,154.45
2019-12-18,154.37,24132380,154.30,155.48,154.18
2019-12-19,155.71,25813830,154.00,155.77,153.75
2019-12-20,157.41,53599610,157.35,158.49,156.29
2019-12-23,157.41,17726280,158.12,158.12,157.27
2019-12-24,157.38,8989150,157.48,157.71,157.12
2019-12-26,158.67,14526930,157.56,158.73,157.40
2019-12-27,158.96,18414350,159.45,159.55,158.22
2019-12-30,157.59,16356720,158.99,159.02,156.73
2019-12-31,157.70,18393380,156.77,157.77,156.45
2020-01-02,160.62,22634550,158.78,160.73,158.33
2020-01-03,158.62,21121680,158.32,159.95,158.06
2020-01-06,159.03,20826700,157.08,159.10,156.51
2020-01-07,157.58,21881740,159.32,159.67,157.32
2020-01-08,160.09,27762030,158.93,160.80,157.95
2020-01-09,162.09,21399950,161.84,162.22,161.03
2020-01-10,161.34,20733950,162.82,163.22,161.18
2020-01-13,163.28,21637010,161.76,163.31,161.26
2020-01-14,162.13,23500780,163.39,163.60,161.72
2020-01-15,163.18,21417870,162.62,163.94,162.57
2020-01-16,166.17,23865360,164.35,166.24,164.03
2020-01-17,167.10,34371660,167.42,167.47,165.43
2020-01-21,166.50,29517190,166.68,168.19,166.43
2020-01-22,165.70,24138780,167.40,167.49,165.68
2020-01-23,166.72,19680770,166.19,166.80,165.27
2020-01-24,165.04,24918120,167.51,167.53,164.45
2020-01-27,162.28,32078070,161.15,163.38,160.20
2020-01-28,165.46,24899940,163.78,165.76,163.07
2020-01-29,168.04,35127770,167.84,168.75,165.69
2020-01-30,172.78,51597470,174.05,174.05,170.79
2020-01-31,170.23,36142690,172.21,172.40,169.58
2020-02-03,174.38,30149050,170.43,174.50,170.40
2020-02-04,180.12,36433340,177.14,180.64,176.31
2020-02-05,179.90,39186320,184.03,184.20,178.41
2020-02-06,183.63,27751380,180.97,183.82,180.06
2020-02-07,183.89,33529070,182.85,185.63,182.48
2020-02-10,188.70,35844270,183.58,188.84,183.25
2020-02-11,184.44,53159910,190.65,190.70,183.50
2020-02-12,184.71,47062920,185.58,185.85,181.85
2020-02-13,183.71,35295830,183.08,186.23,182.87
2020-02-14,185.35,23149520,183.25,185.41,182.65
2020-02-18,187.23,27853110,185.61,187.70,185.50
2020-02-19,187.28,29997470,188.06,188.18,186.47
2020-02-20,184.42,36862380,186.95,187.25,181.10
2020-02-21,178.59,48600390,183.17,183.50,177.25
2020-02-24,170.89,68311070,167.77,174.55,163.23
2020-02-25,168.07,68073300,174.20,174.84,167.65
2020-02-26,170.17,56387150,169.71,173.26,168.21
2020-02-27,158.18,93174910,163.32,167.03,157.98
2020-02-28,162.01,97073560,152.41,163.71,152.00
2020-03-02,172.79,71030810,165.31,172.92,162.31
2020-03-03,164.51,71677020,173.80,175.00,162.26
2020-03-04,170.55,49814380,168.49,170.70,165.62
2020-03-05,166.27,47817250,166.05,170.87,165.69
2020-03-06,161.57,72821060,162.61,163.11,156.00
2020-03-09,150.62,70419270,151.00,157.75,150.00
2020-03-10,160.92,65354390,158.16,161.03,152.58
2020-03-11,153.63,56504300,157.13,157.70,151.15
2020-03-12,139.06,93226370,145.30,153.47,138.58
2020-03-13,158.83,92727450,147.50,161.91,140.73
2020-03-16,135.42,87905870,140.00,149.35,135.00
2020-03-17,146.57,81059820,140.00,147.50,135.00
2020-03-18,140.40,81593170,138.00,146.00,135.02
2020-03-19,142.71,85922660,142.77,150.15,139.00
2020-03-20,137.35,84866220,146.00,147.10,135.86
2020-03-23,135.98,78975180,137.01,140.57,132.52
2020-03-24,148.34,82516730,143.75,149.60,141.27
2020-03-25,146.92,75638220,148.91,154.33,144.44
2020-03-26,156.11,64694430,148.40,156.66,148.37
2020-03-27,149.70,57042290,151.75,154.89,149.20
2020-03-30,160.23,63420330,152.44,160.60,150.01
2020-03-31,157.71,77927190,159.40,164.78,156.56
2020-04-01,152.11,57969930,153.00,157.75,150.82
2020-04-02,155.26,49630740,151.86,155.48,150.36
2020-04-03,153.83,41243280,155.10,157.38,152.19
2020-04-06,165.27,67111700,160.32,166.50,157.58
2020-04-07,163.49,62769040,169.59,170.00,163.26
2020-04-08,165.13,48318230,165.67,166.67,163.50
2020-04-09,165.14,51431780,166.36,167.37,163.33
2020-04-13,165.51,41905260,164.35,165.57,162.30
2020-04-14,173.70,52874340,169.00,173.75,168.00
2020-04-15,171.88,40940830,171.20,173.57,169.24
2020-04-16,177.04,50479610,174.30,177.28,172.90
2020-04-17,178.60,52765630,179.50,180.00,175.87
2020-04-20,175.06,36669560,176.63,178.75,174.99
2020-04-21,167.82,56203750,173.50,173.67,166.11
2020-04-22,173.52,34651600,171.39,174.00,170.82
2020-04-23,171.42,32790800,174.11,175.06,170.91
2020-04-24,174.55,34305320,172.06,174.56,170.71
2020-04-27,174.05,33194380,176.59,176.90,173.30
2020-04-28,169.81,34392690,175.59,175.67,169.39
2020-04-29,177.43,51286560,173.22,177.68,171.88
2020-04-30,179.21,53875860,180.00,180.40,176.23
2020-05-01,174.57,39370470,175.80,178.64,174.01
2020-05-04,178.84,30372860,174.49,179.00,173.80
2020-05-05,180.76,36839170,180.62,183.65,179.90
2020-05-06,182.54,32139300,182.08,184.20,181.63
2020-05-07,183.60,28315990,184.17,184.55,182.58
2020-05-08,184.68,30912640,184.98,185.00,183.36
2020-05-11,186.74,30892660,183.15,187.51,182.85
2020-05-12,182.51,32038200,186.80,187.04,182.30
2020-05-13,179.75,44711490,182.55,184.05,176.54
2020-05-14,180.53,41873910,177.54,180.69,175.68
2020-05-15,183.16,46610380,179.06,187.06,177.00
2020-05-18,184.91,35306620,185.75,186.20,183.96
2020-05-19,183.63,26799120,185.03,186.60,183.49
2020-05-20,185.66,31261330,184.81,185.85,183.94
2020-05-21,183.43,29119510,185.40,186.67,183.29
2020-05-22,183.51,20826900,183.19,184.46,182.54
2020-05-26,181.57,36073610,186.34,186.50,181.10
2020-05-27,181.81,39517150,180.20,181.99,176.60
2020-05-28,181.40,33831820,180.74,184.15,180.38
2020-05-29,183.25,42146720,182.73,184.27,180.41
2020-06-01,182.83,22668820,182.54,183.00,181.46
2020-06-02,184.91,30794590,184.25,185.00,181.35
2020-06-03,185.36,27311020,184.82,185.94,183.58
2020-06-04,182.92,28761810,184.30,185.84,182.30
2020-06-05,187.20,39893640,182.62,187.73,182.01
2020-06-08,188.36,33211590,185.94,188.55,184.44
2020-06-09,189.80,29783920,188.00,190.70,187.26
2020-06-10,196.84,43872330,191.13,198.52,191.01
2020-06-11,186.27,52854670,193.13,195.76,186.07
2020-06-12,187.74,43373590,190.54,191.72,185.18
2020-06-15,188.94,32770190,184.58,190.82,184.01
2020-06-16,193.57,42556660,192.89,195.58,191.46
2020-06-17,194.24,25687820,195.03,196.32,193.69
2020-06-18,196.32,23061650,194.00,196.49,194.00
2020-06-19,195.15,44441140,198.59,199.29,194.37
2020-06-22,200.57,32818930,195.79,200.76,195.23
2020-06-23,201.91,30917450,202.09,203.95,201.43
2020-06-24,197.84,36740650,201.60,203.25,196.56
2020-06-25,200.34,27803930,197.80,200.61,195.47
2020-06-26,196.33,54675780,199.73,199.89,194.88
2020-06-29,198.44,26701590,195.78,198.53,193.55
2020-06-30,203.51,34310280,197.88,204.40,197.74
2020-07-01,204.70,32061210,203.14,206.35,201.77
2020-07-02,206.26,29315760,205.68,208.02,205.00
2020-07-06,210.70,31897630,208.83,211.13,208.09
2020-07-07,208.25,33600730,210.45,214.67,207.99
2020-07-08,212.83,33600030,210.07,213.26,208.69
2020-07-09,214.32,33121680,216.33,216.38,211.47
2020-07-10,213.67,26177630,213.62,214.08,211.08
2020-07-13,207.07,38135610,214.48,215.80,206.50
2020-07-14,208.35,37591820,206.13,208.85,202.03
2020-07-15,208.04,32179410,209.56,211.33,205.03
2020-07-16,203.92,29940650,205.40,205.70,202.31
2020-07-17,202.88,31635280,204.47,205.04,201.39
2020-07-20,211.60,36884840,205.00,212.30,203.01
2020-07-21,208.75,38105780,213.66,213.94,208.03
2020-07-22,211.75,49605690,209.20,212.30,208.39
2020-07-23,202.54,67457040,207.19,210.92,202.15
2020-07-24,201.30,39826990,200.42,202.86,197.51
2020-07-27,203.85,30160870,201.47,203.97,200.86
2020-07-28,202.02,23251390,203.61,204.70,201.74
2020-07-29,204.06,19632600,202.50,204.65,202.01
2020-07-30,203.90,25079600,201.00,204.46,199.57
2020-07-31,205.01,51247970,204.40,205.10,199.01
2020-08-03,216.54,78983010,211.52,217.64,210.44
2020-08-04,213.29,49280060,214.17,214.77,210.31
2020-08-05,212.94,28858620,214.90,215.00,211.57
2020-08-06,216.35,32656840,212.34,216.37,211.55
2020-08-07,212.48,27820420,214.85,215.70,210.93
2020-08-10,208.25,36716460,211.67,211.88,206.35
2020-08-11,203.38,36446460,207.16,207.65,203.14
2020-08-12,209.19,28041360,205.29,210.28,204.75
2020-08-13,208.70,22588870,209.44,211.35,208.15
2020-08-14,208.90,17958940,208.76,209.59,207.51
2020-08-17,210.28,20184760,209.60,211.19,208.92
2020-08-18,211.49,21336170,210.53,212.36,209.21
2020-08-19,209.70,27627560,211.49,212.10,209.25
2020-08-20,214.58,26981480,209.54,215.00,208.91
2020-08-21,213.02,36249320,213.86,216.25,212.85
2020-08-24,213.69,25460150,214.79,215.52,212.43
2020-08-25,216.47,23043700,213.10,216.61,213.10
2020-08-26,221.15,39600830,217.88,222.09,217.36
2020-08-27,226.58,57602200,222.89,231.15,219.40
2020-08-28,228.91,26292900,228.18,230.64,226.58
2020-08-31,225.53,28774160,227.00,228.70,224.31
2020-09-01,227.27,25791240,225.51,227.45,224.43
2020-09-02,231.65,34080840,227.97,232.86,227.35
2020-09-03,217.30,58400290,229.27,229.31,214.96
2020-09-04,214.25,59664070,215.10,218.36,205.19
2020-09-08,202.66,52924330,206.50,210.03,202.20
2020-09-09,211.29,45678990,207.60,214.84,206.70
2020-09-10,205.37,35461510,213.40,214.74,204.11
2020-09-11,204.03,33620070,207.20,208.63,201.24
2020-09-14,205.41,30375770,204.24,209.20,204.03
2020-09-15,208.78,21823940,208.42,209.78,206.93
2020-09-16,205.05,26372460,210.62,210.65,204.64
2020-09-17,202.91,34011260,200.05,204.33,199.96
2020-09-18,200.39,55225330,202.80,203.65,196.25
2020-09-21,202.54,39839660,197.19,202.71,196.38
2020-09-22,207.42,33517070,205.06,208.10,202.08
2020-09-23,200.59,30803780,207.90,208.10,200.03
2020-09-24,203.19,31202490,199.85,205.57,199.20
2020-09-25,207.82,29437310,203.55,209.04,202.54
2020-09-28,209.44,32004940,210.88,212.57,208.06
2020-09-29,207.26,24464470,209.35,210.07,206.81
2020-09-30,210.33,33829090,207.73,211.98,206.54
2020-10-01,212.46,27158420,213.49,213.99,211.32
2020-10-02,206.19,33154780,208.00,210.99,205.54
2020-10-05,210.38,21331560,207.22,210.41,206.98
2020-10-06,205.91,28554260,208.82,210.18,204.82
2020-10-07,209.83,25681050,207.06,210.11,206.72
2020-10-08,210.58,19925840,210.51,211.19,208.32
2020-10-09,215.81,26458050,211.23,215.86,211.23
2020-10-12,221.40,40461370,218.79,223.86,216.81
2020-10-13,222.86,28950840,222.72,225.21,220.43
2020-10-14,220.86,23451710,223.00,224.22,219.13
2020-10-15,219.66,22733060,217.10,220.36,216.01
2020-10-16,219.66,26057880,220.15,222.29,219.32
2020-10-19,214.22,27625840,220.42,222.30,213.72
2020-10-20,214.65,22753510,215.80,217.37,213.09
2020-10-21,214.80,22724910,213.12,216.92,213.12
2020-10-22,214.89,22351450,213.93,216.06,211.70
2020-10-23,216.23,18879610,215.03,216.28,213.16
2020-10-26,210.08,37111560,213.85,216.34,208.10
2020-10-27,213.25,36700330,211.59,214.67,210.33
2020-10-28,202.68,51195590,207.67,208.84,202.10
2020-10-29,204.72,31432560,204.07,207.36,203.37
2020-10-30,202.47,36980110,203.50,204.29,199.62
2020-11-02,202.33,30842160,204.29,205.28,200.12
2020-11-03,206.43,27512030,203.89,208.12,203.12
2020-11-04,216.39,42311780,214.02,218.32,212.42
2020-11-05,223.29,36080140,222.04,224.12,221.15
2020-11-06,223.72,25231900,222.26,224.36,218.03
2020-11-09,218.39,44394950,224.44,228.12,217.88
2020-11-10,211.01,44045120,214.50,216.50,209.72
2020-11-11,216.55,29440790,212.39,218.04,212.20
2020-11-12,215.44,21616120,217.21,219.11,214.46
2020-11-13,216.51,18630310,216.36,217.42,214.16
2020-11-16,217.23,24953340,214.87,217.74,214.52
2020-11-17,214.46,24154110,216.10,217.68,214.08
2020-11-18,211.08,28372790,213.65,215.17,210.93
2020-11-19,212.42,24792750,211.38,213.03,209.93
2020-11-20,210.39,22843120,212.20,213.29,210.00
2020-11-23,210.11,25683510,210.95,212.29,208.16
2020-11-24,213.86,33979730,209.59,214.25,208.86
2020-11-25,213.87,21012890,215.11,215.29,212.46
2020-11-27,215.23,14512210,214.85,216.27,214.04
2020-11-30,214.07,33064750,214.10,214.76,210.84
2020-12-01,216.21,30931320,214.51,217.32,213.35
2020-12-02,215.37,23724510,214.88,215.47,212.80
2020-12-03,214.24,25120920,214.61,216.38,213.65
2020-12-04,214.36,24666040,214.22,215.38,213.18
2020-12-07,214.29,24620000,214.37,215.54,212.99
2020-12-08,216.01,23284090,213.97,216.95,212.89
2020-12-09,211.80,32440600,215.16,215.23,211.21
2020-12-10,210.52,26467020,211.77,213.08,210.36
2020-12-11,213.26,30979440,210.05,213.32,209.11
2020-12-14,214.20,28798380,213.10,216.21,212.88
2020-12-15,214.13,27018110,215.17,215.42,212.24
2020-12-16,219.28,35023250,214.75,220.11,214.72
2020-12-17,219.42,32515780,219.87,220.89,217.92
2020-12-18,218.59,63354920,218.59,219.69,216.02
2020-12-21,222.59,37181890,217.55,224.00,217.28
2020-12-22,223.94,22643400,222.69,225.63,221.85
2020-12-23,221.02,18699640,223.11,223.56,220.80
2020-12-24,222.75,10550570,221.42,223.61,221.20
2020-12-28,224.96,17933500,224.45,226.03,223.02
2020-12-29,224.15,17403210,226.31,227.18,223.58
2020-12-30,221.68,20272340,225.23,225.63,221.47
2020-12-31,222.42,20942130,221.70,223.00,219.68
2021-01-04,217.69,37130140,222.53,223.00,214.81
2021-01-05,217.90,23822950,217.26,218.52,215.70
2021-01-06,212.25,35930650,212.17,216.49,211.94
2021-01-07,218.29,27694480,214.04,219.34,213.71
2021-01-08,219.62,22956210,218.68,220.58,217.03
2021-01-11,217.49,23047030,218.47,218.91,216.73
2021-01-12,214.93,23249340,216.50,217.10,213.32
2021-01-13,216.34,20087080,214.02,216.76,213.93
2021-01-14,213.02,29346740,215.91,217.46,212.74
2021-01-15,212.65,31746510,213.52,214.51,212.03
2021-01-19,216.44,30480860,213.75,216.98,212.63
2021-01-20,224.34,37777260,217.70,225.79,217.29
2021-01-21,224.97,30749550,224.70,226.30,222.42
2021-01-22,225.95,30172660,227.08,230.07,225.80
2021-01-25,229.53,33152100,229.12,229.78,224.22
2021-01-26,232.33,49169600,231.86,234.18,230.08
2021-01-27,232.90,69870640,238.00,240.44,230.14
2021-01-28,238.93,49111160,235.61,242.64,235.09
2021-01-29,231.96,42503140,235.99,238.02,231.35
2021-02-01,239.65,33314190,235.06,242.50,232.43
2021-02-02,239.51,25916340,241.30,242.31,238.69
2021-02-03,243.00,27158100,239.57,245.09,239.26
2021-02-04,242.01,25296100,242.66,243.24,240.37
2021-02-05,242.20,18054750,242.23,243.28,240.42
2021-02-08,242.47,22211930,243.15,243.68,240.81
2021-02-09,243.77,23564950,241.87,244.76,241.38
2021-02-10,242.82,22186710,245.00,245.92,240.89
2021-02-11,244.49,15751060,244.78,245.15,242.15
2021-02-12,244.99,16561080,243.93,245.30,242.73
2021-02-16,243.70,26728490,245.03,246.13,242.92
2021-02-17,244.20,21673110,241.32,244.31,240.94
2021-02-18,243.79,16925560,241.80,243.93,240.86
2021-02-19,240.97,25262600,243.75,243.86,240.18
2021-02-22,234.51,36446940,237.42,237.93,232.40
2021-02-23,233.27,30228700,230.33,234.83,228.73
2021-02-24,234.55,26339750,230.01,235.20,229.00
2021-02-25,228.99,39542240,232.08,234.59,227.88
2021-02-26,232.38,37819230,231.53,235.37,229.54
2021-03-01,236.94,25332840,235.90,237.47,233.15
2021-03-02,233.87,22812460,237.01,237.30,233.45
2021-03-03,227.56,34029530,232.16,233.58,227.26
2021-03-04,226.73,44727790,226.74,232.49,224.26
2021-03-05,231.60,41872770,229.52,233.27,226.46
2021-03-08,227.39,35267440,231.37,233.37,227.13
2021-03-09,233.78,33080530,232.88,235.38,231.67
2021-03-10,232.42,29746810,237.00,237.00,232.04
2021-03-11,237.13,29907590,234.96,239.17,234.31
2021-03-12,235.75,22653660,234.01,235.82,233.23
2021-03-15,234.81,26042670,234.96,235.19,231.81
2021-03-16,237.71,28092200,236.28,240.06,235.94
2021-03-17,237.04,29562100,236.15,238.55,233.23
2021-03-18,230.72,34852250,232.56,234.19,230.33
2021-03-19,230.35,46430730,231.02,232.47,229.35
2021-03-22,235.99,30127010,230.27,236.90,230.14
2021-03-23,237.58,31638380,237.49,241.05,237.07
2021-03-24,235.46,25620130,237.85,238.00,235.32
2021-03-25,232.34,34061850,235.30,236.94,231.57
2021-03-26,236.48,25479850,231.55,236.71,231.55
2021-03-29,235.24,25227460,236.59,236.80,231.88
2021-03-30,231.85,24792010,233.53,233.85,231.10
2021-03-31,235.77,43623470,232.91,239.10,232.39
2021-04-01,242.35,30337980,238.47,242.84,238.05
2021-04-05,249.07,36910610,242.76,249.96,242.70
2021-04-06,247.86,22931920,247.61,249.40,246.88
2021-04-07,249.90,22719840,247.81,250.93,247.19
2021-04-08,253.25,23625200,252.77,254.14,252.00
2021-04-09,255.85,24326830,252.87,255.99,252.44
2021-04-12,255.91,27148670,254.71,257.67,254.62
2021-04-13,258.49,23837470,257.26,259.19,256.83
2021-04-14,255.59,23070940,257.48,258.83,255.16
2021-04-15,259.50,25627480,257.93,259.93,257.73
2021-04-16,260.74,24878580,259.47,261.00,257.60
2021-04-19,258.74,23209260,260.19,261.48,257.82
2021-04-20,258.26,19722880,257.82,260.20,256.84
2021-04-21,260.58,24030380,258.94,260.68,257.25
2021-04-22,257.17,25606150,260.21,261.78,255.64
2021-04-23,261.15,21499290,257.88,261.51,257.27
2021-04-26,261.55,19763350,261.66,262.44,260.17
2021-04-27,261.97,31014210,261.59,263.19,260.12
2021-04-28,254.56,46903120,256.08,256.54,252.95
2021-04-29,252.51,40589020,255.46,256.10,249.00
2021-04-30,252.18,30945100,249.74,253.08,249.60
2021-05-03,251.86,19626570,253.40,254.35,251.12
2021-05-04,247.79,32756050,250.97,251.21,245.76
2021-05-05,246.47,21901330,249.06,249.50,245.82
2021-05-06,249.73,26491090,246.45,249.86,244.69
2021-05-07,252.46,27032910,252.15,254.30,251.17
2021-05-10,247.18,29299890,250.87,251.73,247.12
2021-05-11,246.23,33641590,244.55,246.60,242.57
2021-05-12,239.00,36684370,242.17,244.38,238.07
2021-05-13,243.03,29624300,241.80,245.60,241.42
2021-05-14,248.15,23901080,245.58,249.18,245.49
2021-05-17,245.18,24938180,246.55,246.59,243.52
2021-05-18,243.08,20167980,246.27,246.41,242.90
2021-05-19,243.12,25739810,239.31,243.23,238.60
2021-05-20,246.48,21800720,243.96,247.95,243.86
2021-05-21,245.17,21863060,247.57,248.33,244.74
2021-05-24,250.78,21411550,247.79,251.16,247.51
2021-05-25,251.72,17704300,251.77,252.75,250.82
2021-05-26,251.49,17771600,251.43,252.94,250.75
2021-05-27,249.31,24426240,251.17,251.48,249.25
2021-05-28,249.68,18274940,251.00,252.08,249.56
2021-06-01,247.40,23213310,251.23,251.29,246.96
2021-06-02,247.30,19406710,248.13,249.27,245.84
2021-06-03,245.71,25307710,245.22,246.34,243.00
2021-06-04,250.79,25281090,247.76,251.65,247.51
2021-06-07,253.81,23079170,249.98,254.09,249.81
2021-06-08,252.57,22455000,255.16,256.01,252.51
2021-06-09,253.59,17937630,253.81,255.53,253.21
2021-06-10,257.24,24563620,254.29,257.46,253.67
2021-06-11,257.89,18999730,257.99,258.49,256.61
2021-06-14,259.89,19150510,257.90,259.95,256.80
2021-06-15,258.36,18038930,259.78,259.99,257.68
2021-06-16,257.38,27219960,259.40,260.58,254.42
2021-06-17,260.90,27565540,256.07,261.75,256.01
2021-06-18,259.43,37202220,259.63,262.30,258.75
2021-06-21,262.63,26696120,259.82,263.52,257.92
2021-06-22,265.51,24694090,262.72,265.79,262.40
2021-06-23,265.28,19518680,265.99,266.83,264.43
2021-06-24,266.69,21446870,266.16,267.85,265.47
2021-06-25,265.02,25611110,266.23,267.25,264.76
2021-06-28,268.72,19590020,266.19,268.90,265.91
2021-06-29,271.40,19937810,268.87,271.65,267.98
2021-06-30,270.90,21656460,270.69,271.36,269.60
2021-07-01,271.60,16725320,269.61,271.84,269.60
2021-07-02,277.65,26474410,272.82,278.00,272.50
2021-07-06,277.66,31565560,278.03,279.37,274.30
2021-07-07,279.93,23260030,279.40,280.69,277.15
2021-07-08,277.42,24618590,276.90,278.73,274.87
2021-07-09,277.94,23916670,275.72,278.05,275.32
2021-07-12,277.32,18931700,279.16,279.77,276.58
2021-07-13,280.98,26120130,277.52,282.85,277.39
2021-07-14,282.51,23113660,282.35,283.66,280.55
2021-07-15,281.03,22604230,282.00,282.51,279.83
2021-07-16,280.75,26186850,282.07,284.10,279.46
2021-07-19,277.01,32935630,278.93,280.37,274.45
2021-07-20,279.32,26259740,278.03,280.97,276.26
2021-07-21,281.40,24364320,278.91,281.52,277.29
2021-07-22,286.14,23384060,283.84,286.42,283.42
2021-07-23,289.67,22768070,287.37,289.99,286.50
2021-07-26,289.05,23176070,289.00,289.69,286.64
2021-07-27,286.54,33604070,289.43,289.58,282.95
2021-07-28,286.22,33566850,288.99,290.15,283.83
2021-07-29,286.50,18168290,286.24,288.62,286.08
2021-07-30,284.91,20944850,285.17,286.66,283.91
2021-08-02,284.82,16267360,286.36,286.78,283.74
2021-08-03,287.12,17879050,285.42,287.23,284.00
2021-08-04,286.51,16191300,286.22,287.59,284.65
2021-08-05,289.52,13900170,286.88,289.63,286.10
2021-08-06,289.46,16589340,288.51,289.50,287.62
2021-08-09,288.33,16117630,289.75,291.55,287.81
2021-08-10,286.44,18616580,288.80,289.25,285.20
2021-08-11,286.95,13955930,287.21,288.66,285.86
2021-08-12,289.81,14570390,286.63,289.97,286.34
2021-08-13,292.85,18249050,289.48,292.90,289.30
2021-08-16,294.60,22516030,293.19,294.82,290.02
2021-08-17,293.08,20075250,292.39,293.43,291.08
2021-08-18,290.73,21812990,292.04,294.82,290.27
2021-08-19,296.77,29850460,288.69,297.47,288.64
2021-08-20,304.36,40817650,299.72,305.84,298.06
2021-08-23,304.65,22830160,303.25,305.40,301.85
2021-08-24,302.62,18175770,305.02,305.65,302.00
2021-08-25,302.01,20006060,304.30,304.59,300.42
2021-08-26,299.09,17666080,300.99,302.43,298.95
2021-08-27,299.72,22605730,298.99,300.87,296.83
2021-08-30,303.59,16348070,301.12,304.22,301.06
2021-08-31,301.88,26285340,304.42,304.50,301.50
2021-09-01,301.83,18983830,302.87,305.19,301.49
2021-09-02,301.15,16290550,302.20,303.36,300.18
2021-09-03,301.14,14751610,300.99,302.60,300.26
2021-09-07,300.18,17184080,301.01,301.09,298.20
2021-09-08,300.21,15046820,299.78,300.61,297.47
2021-09-09,297.25,19927000,300.82,302.14,297.00
2021-09-10,295.71,19633360,298.42,299.92,295.38
2021-09-13,296.99,23652950,297.55,298.54,294.08
2021-09-14,299.79,21853430,299.56,301.39,298.10
2021-09-15,304.82,28356300,303.26,305.32,301.82
2021-09-16,305.22,19550820,303.76,305.31,300.76
2021-09-17,299.87,41372460,304.17,304.50,299.53
2021-09-20,294.30,38278660,296.33,298.72,289.52
2021-09-21,294.80,22364100,295.69,297.54,294.07
2021-09-22,298.58,26626340,296.73,300.22,294.51
2021-09-23,299.56,18604600,298.85,300.90,297.53
2021-09-24,299.35,14998980,298.23,299.80,296.93
2021-09-27,294.17,23571740,296.14,296.47,292.94
2021-09-28,283.52,43186240,289.80,290.78,282.75
2021-09-29,284.00,26353700,285.10,286.77,283.01
2021-09-30,281.92,32343640,285.71,287.83,281.62
2021-10-01,289.10,30086280,282.12,289.98,281.29
2021-10-04,283.11,31350750,287.40,287.75,280.25
2021-10-05,288.76,24993020,284.05,290.40,284.05
2021-10-06,293.11,28002560,285.78,293.63,285.51
2021-10-07,294.85,20430470,295.18,296.64,293.92
2021-10-08,294.85,17685700,296.22,296.64,293.76
2021-10-11,294.23,19298630,292.92,297.97,292.75
2021-10-12,292.88,17974140,295.34,295.44,292.35
2021-10-13,296.31,23424030,294.91,297.28,293.49
2021-10-14,302.75,27262900,299.21,303.27,297.83
2021-10-15,304.21,25384800,302.34,304.45,300.52
2021-10-18,307.29,22729300,303.57,308.21,302.69
2021-10-19,308.23,17682140,308.35,309.30,307.22
2021-10-20,307.41,16537070,309.21,309.70,306.11
2021-10-21,310.76,16918100,307.17,311.02,306.36
2021-10-22,309.16,17449330,310.40,311.09,307.80
2021-10-25,308.13,17554470,309.36,309.40,306.46
2021-10-26,310.11,28107350,311.00,312.40,308.60
2021-10-27,323.17,52588690,316.00,326.10,316.00
2021-10-28,324.35,26297940,324.33,324.87,321.36
2021-10-29,331.62,34765980,324.13,332.00,323.90
2021-11-01,329.37,27073180,331.36,331.49,326.37
2021-11-02,333.13,26487110,330.31,333.45,330.00
2021-11-03,334.00,21500080,333.90,334.90,330.65
2021-11-04,336.44,23992200,332.89,336.54,329.51
2021-11-05,336.06,22570100,338.51,338.79,334.42
2021-11-08,336.99,20897000,337.30,337.65,334.44
2021-11-09,335.95,21307370,337.11,338.72,334.53
2021-11-10,330.80,25500940,334.57,334.63,329.92
2021-11-11,332.43,16849840,331.25,333.77,330.51
2021-11-12,336.72,23831050,333.92,337.23,333.79
2021-11-15,336.07,16723010,337.54,337.88,334.03
2021-11-16,339.51,20886830,335.68,340.67,335.51
2021-11-17,339.12,19053380,338.94,342.19,338.00
2021-11-18,341.27,22463530,338.18,342.45,337.12
2021-11-19,343.11,21963400,342.64,345.10,342.20
2021-11-22,339.83,31031110,344.62,349.67,339.55
2021-11-23,337.68,30427560,337.05,339.45,333.56
2021-11-24,337.91,21661310,336.28,338.16,333.91
2021-11-26,329.68,24217240,334.35,337.93,328.12
2021-11-29,336.63,28563480,334.94,339.03,334.74
2021-11-30,330.59,42885610,335.32,337.78,328.99
2021-12-01,330.08,33401150,335.13,339.28,329.39
2021-12-02,329.49,30765980,330.30,333.49,327.80
2021-12-03,323.01,41779280,331.99,332.70,318.03
2021-12-06,326.19,30032560,323.95,327.45,319.23
2021-12-07,334.92,31021940,331.64,335.80,330.10
2021-12-08,334.97,24760990,335.31,335.50,330.80
2021-12-09,333.10,22214160,334.41,336.49,332.12
2021-12-10,342.54,38095690,334.98,343.00,334.79
2021-12-13,339.40,28899430,340.68,343.79,339.08
2021-12-14,328.34,44438700,333.22,334.64,324.11
2021-12-15,334.65,35381120,328.61,335.19,324.50
2021-12-16,324.90,35034830,335.71,336.76,323.02
2021-12-17,323.80,47983710,320.88,324.92,317.25
2021-12-20,319.91,28326530,320.05,322.80,317.57
2021-12-21,327.29,24740600,323.29,327.73,319.80
2021-12-22,333.20,24831490,328.30,333.61,325.75
2021-12-23,334.69,19617850,332.75,336.39,332.73
2021-12-27,342.45,19947030,335.46,342.48,335.43
2021-12-28,341.25,15661470,343.15,343.81,340.32
2021-12-29,341.95,15041960,341.30,344.30,339.68
2021-12-30,339.32,15994470,341.91,343.13,338.82
2021-12-31,336.32,18000800,338.51,339.36,335.85
2022-01-03,334.75,28918010,335.35,338.00,329.78
2022-01-04,329.01,32674310,334.83,335.20,326.12
2022-01-05,316.38,40054330,325.86,326.07,315.98
2022-01-06,313.88,39646150,313.15,318.70,311.49
2022-01-07,314.04,32720020,314.15,316.50,310.09
2022-01-10,314.27,44289470,309.49,314.72,304.69
2022-01-11,314.98,29386770,313.38,316.61,309.89
2022-01-12,318.27,34372220,319.67,323.41,317.08
2022-01-13,304.80,45365980,320.47,320.88,304.00
2022-01-14,310.20,39846410,304.25,310.82,303.75
2022-01-18,302.65,42434110,304.07,309.80,301.74
2022-01-19,303.33,45933860,306.29,313.91,302.70
2022-01-20,301.60,35380680,309.07,311.65,301.14
2022-01-21,296.03,57984400,302.69,304.11,295.61
2022-01-24,296.37,86035390,292.20,297.11,276.05
2022-01-25,288.49,72848640,291.52,294.99,285.17
2022-01-26,296.71,90428850,307.99,308.50,293.03
2022-01-27,299.84,53481320,302.66,307.30,297.93
2022-01-28,308.26,49743700,300.23,308.48,294.45
2022-01-31,310.98,46444540,308.95,312.38,306.37
2022-02-01,308.76,40950400,310.41,310.63,305.13
2022-02-02,313.46,36635990,309.63,315.12,308.88
2022-02-03,301.25,43729970,309.49,311.23,299.96
2022-02-04,305.94,35096490,300.21,308.80,299.97
2022-02-07,300.95,28533290,306.17,307.84,299.90
2022-02-08,304.56,32421190,301.25,305.56,299.95
2022-02-09,311.21,31284670,309.87,311.93,307.39
2022-02-10,302.38,45386200,304.04,309.12,300.70
2022-02-11,295.04,39175620,303.19,304.29,294.22
2022-02-14,295.00,36359490,293.77,296.76,291.35
2022-02-15,300.47,27379490,300.01,300.80,297.02
2022-02-16,299.50,29982120,298.37,300.87,293.68
2022-02-17,290.73,32461580,296.36,296.80,290.00
2022-02-18,287.93,34264010,293.05,293.86,286.31
2022-02-22,287.72,41736120,285.00,291.54,284.50
2022-02-23,280.27,37811170,290.18,291.70,280.10
2022-02-24,294.59,56989690,272.51,295.16,271.52
2022-02-25,297.31,32546720,295.14,297.63,291.66
2022-02-28,298.79,34627460,294.31,299.14,293.00
2022-03-01,294.95,31217780,296.40,299.97,292.15
2022-03-02,300.19,31873010,295.36,301.47,293.70
2022-03-03,295.92,27314470,302.89,303.13,294.05
2022-03-04,289.86,32369660,294.29,295.66,287.17
2022-03-07,278.91,43157180,288.53,289.69,278.53
2022-03-08,275.85,48159480,277.80,283.96,270.00
2022-03-09,288.50,35204480,283.44,289.60,280.78
2022-03-10,285.59,30628010,283.02,286.60,280.58
2022-03-11,280.07,27209330,287.96,289.51,279.43
2022-03-14,276.44,30660750,280.34,285.40,275.82
2022-03-15,287.15,34245090,280.35,287.82,278.73
2022-03-16,294.39,37826330,289.11,294.57,283.20
2022-03-17,295.22,30816630,293.29,295.61,289.37
2022-03-18,300.43,43390630,295.37,301.00,292.73
2022-03-21,299.16,28351250,298.89,300.14,294.90
2022-03-22,304.06,27599690,299.80,305.00,298.77
2022-03-23,299.49,25715380,300.51,303.23,297.72
2022-03-24,304.10,24484460,299.14,304.20,298.32
2022-03-25,303.68,22566450,305.23,305.50,299.29
2022-03-28,310.70,29578190,304.33,310.80,304.33
2022-03-29,315.41,30393400,313.91,315.82,309.05
2022-03-30,313.86,28163560,313.76,315.95,311.58
2022-03-31,308.31,33422070,313.90,315.14,307.89
2022-04-01,309.42,27110530,309.37,310.13,305.54
2022-04-04,314.97,24335870,310.09,315.11,309.71
2022-04-05,310.88,23156720,313.27,314.87,309.87
2022-04-06,299.50,40110370,305.19,307.00,296.71
2022-04-07,301.37,31411160,296.66,303.65,296.35
2022-04-08,296.97,24361920,300.44,301.12,296.28
2022-04-11,285.26,34569260,291.79,292.61,285.00
2022-04-12,282.06,30966720,289.24,290.74,280.49
2022-04-13,287.62,21907180,282.73,288.58,281.30
2022-04-14,279.83,28221610,288.09,288.31,279.32
2022-04-18,280.52,20778000,278.91,282.46,278.34
2022-04-19,285.30,22297720,279.38,286.17,278.41
2022-04-20,286.36,22906670,289.40,289.70,285.37
2022-04-21,280.81,29454590,288.58,293.30,280.06
2022-04-22,274.03,29405800,281.68,283.20,273.38
2022-04-25,280.72,35678850,273.29,281.11,270.77
2022-04-26,270.22,46518450,277.50,278.36,270.00
2022-04-27,283.22,63477690,282.10,290.97,279.16
2022-04-28,289.63,33646570,285.19,290.98,281.46
2022-04-29,277.52,37073920,288.61,289.88,276.50
2022-05-02,284.47,35151110,277.71,284.94,276.22
2022-05-03,281.78,25978610,283.96,284.13,280.15
2022-05-04,289.98,33599320,282.59,290.88,276.73
2022-05-05,277.35,43260390,285.54,286.35,274.34
2022-05-06,274.73,37780320,274.81,279.25,271.27
2022-05-09,264.58,47725950,270.06,272.36,263.32
2022-05-10,269.50,39336420,271.69,273.75,265.07
2022-05-11,260.55,48975900,265.68,271.36,259.30
2022-05-12,255.35,51033800,257.69,259.88,250.02
2022-05-13,261.12,34925090,257.35,263.04,255.35
2022-05-16,261.50,32550930,259.96,265.82,255.78
2022-05-17,266.82,28828800,266.11,268.33,262.46
2022-05-18,254.08,31355990,263.00,263.60,252.77
2022-05-19,253.14,32692290,253.90,257.67,251.88
2022-05-20,252.56,39199280,257.24,258.54,246.44
2022-05-23,260.65,33175380,255.49,261.50,253.43
2022-05-24,259.62,29043900,257.89,261.33,253.50
2022-05-25,262.52,28547950,258.14,264.58,257.13
2022-05-26,265.90,25002110,262.27,267.11,261.43
2022-05-27,273.24,26910810,268.48,273.34,267.56
2022-05-31,271.87,37827700,272.53,274.77,268.93
2022-06-01,272.42,25292170,275.20,277.69,270.04
2022-06-02,274.58,44008210,264.45,274.65,261.60
2022-06-03,270.02,28058960,270.31,273.45,268.41
2022-06-06,268.75,22400340,272.06,274.18,267.22
2022-06-07,272.50,22860680,266.64,273.13,265.94
2022-06-08,270.41,17372340,271.71,273.00,269.61
2022-06-09,264.79,26439730,267.78,272.71,264.63
2022-06-10,252.99,31445840,260.58,260.58,252.53
2022-06-13,242.26,46135790,245.11,249.02,241.53
2022-06-14,244.49,28651490,243.86,245.74,241.51
2022-06-15,251.76,33111730,248.31,255.30,246.42
2022-06-16,244.97,33169160,245.98,247.42,243.02
2022-06-17,247.65,43084780,244.70,250.50,244.03
2022-06-21,253.74,29928300,250.26,254.75,249.51
2022-06-22,253.13,25961220,251.89,257.17,250.37
2022-06-23,258.86,25861450,255.57,259.37,253.63
2022-06-24,267.70,33923230,261.81,267.98,261.72
2022-06-27,264.89,24615110,268.21,268.30,263.28
2022-06-28,256.48,27380250,263.98,266.91,256.32
2022-06-29,260.26,20069840,257.59,261.97,255.76
2022-06-30,256.83,31730870,257.05,259.53,252.90
2022-07-01,259.58,22837690,256.39,259.77,254.61
2022-07-05,262.85,22971630,256.16,262.98,254.74
2022-07-06,266.21,23824420,263.75,267.99,262.40
2022-07-07,268.40,20859870,265.12,269.06,265.02
2022-07-08,267.66,19658750,264.79,268.10,263.29
2022-07-11,264.51,19519110,265.65,266.53,262.18
2022-07-12,253.67,35868450,265.88,265.94,252.04
2022-07-13,252.72,29497420,250.19,253.55,248.11
2022-07-14,254.08,25102820,250.57,255.14,245.94
2022-07-15,256.72,29774050,255.72,260.37,254.77
2022-07-18,254.25,20975030,259.75,260.84,253.30
2022-07-19,259.53,25012560,257.58,259.72,253.68
2022-07-20,262.27,22788280,259.90,264.87,258.91
2022-07-21,264.84,22404680,259.79,264.89,257.03
2022-07-22,260.36,21881290,265.24,265.33,259.07
2022-07-25,258.83,21056000,261.00,261.50,256.81
2022-07-26,251.90,39347960,259.86,259.88,249.57
2022-07-27,268.74,45994050,261.16,270.05,258.85
2022-07-28,276.41,33459330,269.75,277.84,267.87
2022-07-29,280.74,32152750,277.70,282.00,276.63
2022-08-01,278.01,21539580,277.82,281.28,275.84
2022-08-02,274.82,22754180,276.00,277.89,272.38
2022-08-03,282.47,23518870,276.76,283.50,276.61
2022-08-04,283.65,18098670,281.80,283.80,280.17
2022-08-05,282.91,16774610,279.15,283.65,278.68
2022-08-08,280.32,18757820,284.05,285.92,279.32
2022-08-09,282.30,23405240,279.64,283.08,277.61
2022-08-10,289.16,24687850,288.17,289.81,286.94
2022-08-11,287.02,20065940,290.85,291.21,286.51
2022-08-12,291.91,22619680,288.48,291.91,286.94
2022-08-15,293.47,18085650,291.00,294.18,290.11
2022-08-16,292.71,18102880,291.99,294.04,290.42
2022-08-17,291.32,18253360,289.74,293.35,289.47
2022-08-18,290.17,17186190,290.19,291.91,289.08
2022-08-19,286.15,20570030,288.90,289.25,285.56
2022-08-22,277.75,25061070,282.08,282.46,277.22
2022-08-23,276.44,17527410,276.44,278.86,275.40
2022-08-24,275.79,18137020,275.41,277.23,275.11
2022-08-25,278.85,16583410,277.33,279.02,274.52
2022-08-26,268.09,27549310,279.08,280.34,267.98
2022-08-29,265.23,20338540,265.85,267.40,263.85
2022-08-30,262.97,22767070,266.67,267.05,260.66
2022-08-31,261.47,24791830,265.39,267.11,261.33
2022-09-01,260.40,23263430,258.87,260.89,255.41
2022-09-02,256.06,22855380,261.70,264.74,254.47
2022-09-06,253.25,21328240,256.20,257.83,251.94
2022-09-07,258.09,24126700,254.70,258.83,253.22
2022-09-08,258.52,20319910,257.51,260.43,254.79
2022-09-09,264.46,22093190,260.50,265.23,260.29
2022-09-12,266.65,18747690,265.78,267.45,265.16
2022-09-13,251.99,33353320,258.84,260.40,251.59
2022-09-14,252.22,23912950,253.53,254.23,249.86
2022-09-15,245.38,31530950,249.77,251.40,244.02
2022-09-16,244.74,39791770,244.26,245.30,242.06
2022-09-19,244.52,26826930,242.47,245.14,240.85
2022-09-20,242.45,26660300,242.07,243.51,239.64
2022-09-21,238.95,28625560,244.27,247.66,238.90
2022-09-22,240.98,31061160,237.87,243.86,237.57
2022-09-23,237.92,34176050,239.54,241.13,235.20
2022-09-26,237.45,27694190,237.05,241.45,236.90
2022-09-27,236.41,27018730,239.98,241.80,234.50
2022-09-28,241.07,29029680,236.81,242.33,234.73
2022-09-29,237.50,27484230,238.89,239.95,234.41
2022-09-30,232.90,35694830,238.29,240.54,232.73
2022-10-03,240.74,28880360,235.41,241.61,234.66
2022-10-04,248.88,34888420,245.09,250.36,244.98
2022-10-05,249.20,20347140,245.99,250.58,244.10
2022-10-06,246.79,20239890,247.93,250.34,246.08
2022-10-07,234.24,37769600,240.90,241.32,233.17
2022-10-10,229.25,29743610,233.05,234.56,226.73
2022-10-11,225.41,30473950,227.62,229.06,224.11
2022-10-12,225.75,21903940,225.40,227.86,223.96
2022-10-13,234.24,42551820,219.85,236.10,219.13
2022-10-14,228.56,30198590,235.54,237.24,228.34
2022-10-17,237.53,28142270,235.82,238.96,235.14
2022-10-18,238.50,26329590,243.24,243.93,235.37
2022-10-19,236.48,19985700,237.04,239.61,234.29
2022-10-20,236.15,21811020,235.77,241.31,234.87
2022-10-21,242.12,26299730,234.74,243.00,234.50
2022-10-24,247.25,24911210,243.76,247.84,241.30
2022-10-25,250.66,34775510,247.26,251.04,245.83
2022-10-26,231.32,82684850,231.17,238.30,230.06
2022-10-27,226.75,40424650,231.04,233.69,225.78
2022-10-28,235.87,40647720,226.24,236.60,226.05
2022-10-31,232.13,28357270,233.76,234.92,231.15
2022-11-01,228.17,30592270,234.60,235.74,227.33
2022-11-02,220.10,38407010,229.46,231.30,220.04
2022-11-03,214.25,36633920,220.09,220.41,213.98
2022-11-04,221.39,36789060,217.55,221.59,213.43
2022-11-07,227.87,33497980,221.99,228.41,221.28
2022-11-08,228.87,28192550,228.70,231.65,225.84
2022-11-09,224.51,27852910,227.37,228.63,224.33
2022-11-10,242.98,46268020,235.43,243.33,235.00
2022-11-11,247.11,34620250,242.99,247.99,241.93
2022-11-14,241.55,31123340,241.99,243.91,239.21
2022-11-15,241.97,31390120,245.66,247.00,240.03
2022-11-16,241.73,24093270,242.79,243.80,240.42
2022-11-17,241.68,23123540,237.78,243.25,237.63
2022-11-18,241.22,27613520,243.51,243.74,239.03
2022-11-21,242.05,26394700,241.43,244.67,241.19
2022-11-22,245.03,19665700,243.59,245.31,240.71
2022-11-23,247.58,19508460,245.11,248.28,244.27
2022-11-25,247.49,9200772,247.31,248.70,246.73
2022-11-28,241.76,24810270,246.08,246.65,240.80
2022-11-29,240.33,17956310,241.40,242.79,238.21
2022-11-30,255.14,47594240,240.57,255.33,239.86
2022-12-01,254.69,26041520,253.87,256.12,250.92
2022-12-02,255.02,21528520,249.82,256.06,249.69
2022-12-05,250.20,23435290,252.01,253.82,248.06
2022-12-06,245.12,22463730,250.82,251.86,243.78
2022-12-07,244.37,20481520,244.83,246.16,242.21
2022-12-08,247.40,22611760,244.84,248.74,243.06
2022-12-09,245.42,20609740,244.70,248.31,244.16
2022-12-12,252.51,30665070,247.45,252.54,247.17
2022-12-13,256.92,42196880,261.69,263.92,253.07
2022-12-14,257.22,35410930,257.13,262.59,254.31
2022-12-15,249.01,35568090,253.72,254.20,247.34
2022-12-16,244.69,86101990,248.55,249.84,243.51
2022-12-19,240.45,29696440,244.86,245.21,238.71
2022-12-20,241.80,25150800,239.40,242.91,238.42
2022-12-21,244.43,23690610,241.69,245.62,240.11
2022-12-22,238.19,28651660,241.26,241.99,233.87
2022-12-23,238.73,21206980,236.11,238.87,233.94
2022-12-27,236.96,16688650,238.70,238.93,235.83
2022-12-28,234.53,17457100,236.89,239.72,234.17
2022-12-29,241.01,19770690,235.65,241.92,235.65
2022-12-30,239.82,21938470,238.21,239.96,236.66
2023-01-03,239.58,25740040,243.08,245.75,237.40
2023-01-04,229.10,50623390,232.28,232.87,225.96
2023-01-05,222.31,39585620,227.20,227.55,221.76
2023-01-06,224.93,43613570,223.00,225.76,219.35
2023-01-09,227.12,27369780,226.45,231.24,226.41
2023-01-10,228.85,27033880,227.76,231.31,227.33
2023-01-11,235.77,28669330,231.29,235.95,231.11
2023-01-12,238.51,27269490,235.26,239.90,233.56
2023-01-13,239.23,21333270,237.00,239.37,234.92
2023-01-17,240.35,29831260,237.97,240.91,237.09
2023-01-18,235.81,30028690,241.57,242.38,235.52
2023-01-19,231.93,28623030,233.78,235.52,230.68
2023-01-20,240.22,35389810,234.86,240.74,234.51
2023-01-23,242.58,31933950,241.10,245.17,239.65
2023-01-24,242.04,40234440,242.50,243.95,240.44
2023-01-25,240.61,66526640,234.48,243.30,230.90
2023-01-26,248.00,33454490,243.65,248.31,242.00
2023-01-27,248.16,26498940,248.99,249.83,246.83
2023-01-30,242.71,25867370,244.51,245.60,242.20
2023-01-31,247.81,26541070,243.45,247.95,242.95
2023-02-01,252.75,31259910,248.00,255.18,245.47
2023-02-02,264.60,39940440,258.82,264.69,257.25
2023-02-03,258.35,29077260,259.54,264.20,257.10
2023-02-06,256.77,22518000,257.44,258.30,254.78
2023-02-07,267.56,50841370,260.53,268.78,260.08
2023-02-08,266.73,54686050,273.20,276.76,266.21
2023-02-09,263.62,42375100,273.80,273.98,262.80
2023-02-10,263.10,25818490,261.53,264.09,260.66
2023-02-13,271.32,44630920,267.64,274.60,267.15
2023-02-14,272.17,37047920,272.67,274.97,269.28
2023-02-15,269.32,28962160,268.32,270.73,266.18
2023-02-16,262.15,29603620,264.02,266.74,261.90
2023-02-17,258.06,30000060,259.39,260.09,256.00
2023-02-21,252.67,28397440,254.48,255.49,251.59
2023-02-22,251.51,22491060,254.09,254.34,250.34
2023-02-23,254.77,29219100,255.56,256.84,250.48
2023-02-24,249.22,24990910,249.96,251.00,248.10
2023-02-27,250.16,21190040,252.46,252.82,249.39
2023-02-28,249.42,22490950,249.07,251.49,248.73
2023-03-01,246.27,27565260,250.76,250.93,245.79
2023-03-02,251.11,24833650,246.55,251.40,245.61
2023-03-03,255.29,30760140,252.19,255.62,251.39
2023-03-06,256.87,24109850,256.43,260.12,255.98
2023-03-07,254.15,21473180,256.30,257.69,253.39
2023-03-08,253.70,17340220,254.04,254.54,250.81
2023-03-09,252.32,26653390,255.82,259.56,251.58
2023-03-10,248.59,28333930,251.08,252.79,247.60
2023-03-13,253.92,33339720,247.40,257.91,245.73
2023-03-14,260.79,33620290,256.75,261.07,255.86
2023-03-15,265.44,46028050,259.98,266.48,259.21
2023-03-16,276.20,54832140,265.21,276.56,263.28
2023-03-17,279.43,69527370,278.26,283.33,276.32
2023-03-20,272.23,43466650,276.98,277.48,269.85
2023-03-21,273.78,34558700,274.88,275.00,269.52
2023-03-22,272.29,34873330,273.40,281.04,272.18
2023-03-23,277.66,36610880,277.94,281.06,275.20
2023-03-24,280.57,28199960,277.24,280.63,275.28
2023-03-27,276.38,26840210,280.50,281.46,275.52
2023-03-28,275.23,21878650,275.79,276.14,272.05
2023-03-29,280.51,25087030,278.96,281.14,278.41
2023-03-30,284.05,25053410,284.23,284.46,281.48
2023-03-31,288.30,32765980,283.73,289.27,283.00
2023-04-03,287.23,24883340,286.52,288.27,283.95
2023-04-04,287.18,25824300,287.23,290.45,285.67
2023-04-05,284.34,22064770,285.85,287.15,282.92
2023-04-06,291.60,29770330,283.21,292.08,282.03
2023-04-10,289.39,23102990,289.21,289.60,284.71
2023-04-11,282.83,27276590,285.75,285.98,281.64
2023-04-12,283.49,27403430,284.79,287.01,281.96
2023-04-13,289.84,24222680,283.59,289.90,283.17
2023-04-14,286.14,20987920,287.00,288.48,283.69
2023-04-17,288.80,23836220,289.93,291.60,286.16
2023-04-18,288.37,20161850,291.57,291.76,287.01
2023-04-19,288.45,17150270,285.99,289.05,284.54
2023-04-20,286.11,23244360,285.25,289.03,285.08
2023-04-21,285.76,21676390,285.01,286.27,283.06
2023-04-24,281.77,26611010,282.09,284.95,278.72
2023-04-25,275.42,45772240,279.51,281.60,275.37
2023-04-26,295.37,64599180,296.70,299.57,292.73
2023-04-27,304.83,46462640,295.97,305.20,295.25
2023-04-28,307.26,36469610,304.01,308.93,303.31
2023-05-01,305.56,21294120,306.97,308.60,305.15
2023-05-02,305.41,26404430,307.76,309.18,303.91
2023-05-03,304.40,22360750,306.62,308.61,304.09
2023-05-04,305.41,22519910,306.24,307.76,303.40
2023-05-05,310.65,28197050,305.72,311.97,304.27
2023-05-08,308.65,21318610,310.13,310.20,306.09
2023-05-09,307.00,21340830,308.00,310.04,306.31
2023-05-10,312.31,30078040,308.62,313.00,307.67
2023-05-11,310.11,31680180,310.10,311.12,306.26
2023-05-12,308.97,19774700,310.55,310.65,306.60
2023-05-15,309.46,16336550,309.10,309.91,307.59
2023-05-16,311.74,26730350,309.83,313.71,309.83
2023-05-17,314.00,24315010,312.29,314.43,310.74
2023-05-18,318.52,27275990,314.53,319.04,313.72
2023-05-19,318.34,27546700,316.74,318.75,316.37
2023-05-22,321.18,24115660,318.60,322.59,318.01
2023-05-23,315.26,30797170,320.03,322.72,315.25
2023-05-24,313.85,23384890,314.73,316.50,312.61
2023-05-25,325.92,43301740,323.24,326.90,320.00
2023-05-26,332.89,36630630,324.02,333.40,323.88
2023-05-30,331.21,29503070,335.23,335.74,330.52
2023-05-31,328.39,45950550,332.29,335.94,327.33
2023-06-01,332.58,26773850,325.93,333.53,324.72
2023-06-02,335.40,25873770,334.25,337.50,332.55
2023-06-05,335.94,21307050,335.22,338.56,334.66
2023-06-06,333.68,20396220,335.33,335.37,332.17
2023-06-07,323.38,40717130,331.65,334.49,322.50
2023-06-08,325.26,23277710,323.94,326.64,323.35
2023-06-09,326.79,22528950,324.99,329.99,324.41
2023-06-12,331.85,24306750,328.58,332.10,325.16
2023-06-13,334.29,22951280,334.47,336.98,330.39
2023-06-14,337.34,26003790,334.34,339.04,332.81
2023-06-15,348.10,38899080,337.48,349.84,337.20
2023-06-16,342.33,46551990,351.32,351.47,341.95
2023-06-20,338.05,26375410,339.31,342.08,335.86
2023-06-21,333.56,25117800,336.37,337.73,332.07
2023-06-22,339.71,23556760,334.12,340.12,333.34
2023-06-23,335.02,23146900,334.36,337.96,333.45
2023-06-26,328.60,21520580,333.72,336.11,328.49
2023-06-27,334.57,24354110,331.86,336.15,329.30
2023-06-28,335.85,20259520,334.66,337.98,333.81
2023-06-29,335.05,16997040,334.71,336.11,332.62
2023-06-30,340.54,26832760,337.75,342.73,337.20
2023-07-03,337.99,12484240,339.19,340.90,336.57
2023-07-05,338.15,18172380,335.09,341.65,334.73
2023-07-06,341.27,28195530,337.30,342.99,335.50
2023-07-07,337.22,21214820,339.32,341.79,337.00
2023-07-10,331.83,32791450,334.60,335.23,327.59
2023-07-11,332.47,26698220,331.06,332.86,327.00
2023-07-12,337.20,29995260,336.60,341.65,335.67
2023-07-13,342.66,20567160,339.56,343.74,339.02
2023-07-14,345.24,28352730,347.59,351.43,344.31
2023-07-17,345.73,20363930,345.68,346.99,342.20
2023-07-18,359.49,64872710,345.83,366.78,342.17
2023-07-19,355.08,39732900,361.75,362.46,352.44
2023-07-20,346.87,33778400,353.57,357.97,345.37
2023-07-21,343.77,69405380,349.15,350.30,339.83
2023-07-24,345.11,26719210,345.85,346.92,342.31
2023-07-25,350.98,41637740,347.11,351.89,345.07
2023-07-26,337.77,58383700,341.44,344.67,333.11
2023-07-27,330.72,39635260,340.48,341.33,329.05
2023-07-28,338.37,28484870,333.67,340.01,333.17
2023-07-31,335.92,25446020,336.92,337.70,333.36
2023-08-01,336.34,18381250,335.19,338.54,333.70
2023-08-02,327.50,27761260,333.63,333.63,326.36
2023-08-03,326.66,18360350,326.00,329.88,325.95
2023-08-04,327.78,23741480,331.88,335.14,327.24
2023-08-07,330.11,17741530,328.37,331.11,327.52
2023-08-08,326.05,22327570,326.96,328.75,323.00
2023-08-09,322.23,22373270,326.47,327.11,321.05
2023-08-10,322.93,20113730,326.02,328.26,321.18
2023-08-11,321.01,24355490,320.26,322.41,319.21
2023-08-14,324.04,18836140,321.39,324.06,320.08
2023-08-15,321.86,16966290,323.00,325.09,320.90
2023-08-16,320.40,20698860,320.80,324.42,319.80
2023-08-17,316.88,21257160,320.54,321.87,316.21
2023-08-18,316.48,24755010,314.49,318.38,311.55
2023-08-21,321.88,24039960,317.93,322.77,317.04
2023-08-22,322.46,16102020,325.50,326.08,321.46
2023-08-23,327.00,21166380,323.82,329.20,323.46
2023-08-24,319.97,23281430,332.85,332.98,319.96
2023-08-25,322.98,21684100,321.47,325.36,318.80
2023-08-28,323.70,14808480,325.66,326.15,321.72
2023-08-29,328.41,19284590,321.88,328.98,321.88